rider_id,city,joining_date,vehicle_type
D0001,Dhaka,2023-08-28,Motorbike
D0002,Dhaka,2023-11-16,Motorbike
D0003,Sylhet,2023-10-18,Motorbike
D0004,Dhaka,2025-05-20,Bicycle
D0005,Dhaka,2024-09-17,Motorbike
D0006,Dhaka,2023-06-12,Motorbike
D0007,Khulna,2024-01-27,Motorbike
D0008,Khulna,2024-10-22,Motorbike
D0009,Dhaka,2023-07-20,Motorbike
D0010,Sylhet,2024-09-15,Motorbike
D0011,Dhaka,2023-06-28,Motorbike
D0012,Dhaka,2025-01-10,Motorbike
D0013,Dhaka,2024-01-20,Motorbike
D0014,Chittagong,2025-05-09,Motorbike
D0015,Dhaka,2024-12-06,Motorbike
D0016,Chittagong,2024-05-23,Motorbike
D0017,Dhaka,2024-11-13,Motorbike
D0018,Dhaka,2025-03-28,Bicycle
D0019,Dhaka,2024-10-13,Motorbike
D0020,Dhaka,2024-04-08,Motorbike
D0021,Dhaka,2024-01-23,Motorbike
D0022,Dhaka,2023-03-14,Motorbike
D0023,Chittagong,2023-11-02,Motorbike
D0024,Dhaka,2023-10-02,Motorbike
D0025,Sylhet,2023-07-18,Bicycle
D0026,Dhaka,2024-03-21,Motorbike
D0027,Sylhet,2025-04-20,Motorbike
D0028,Dhaka,2023-01-25,Motorbike
D0029,Sylhet,2024-01-21,Motorbike
D0030,Dhaka,2024-07-02,Motorbike
D0031,Dhaka,2024-02-12,Motorbike
D0032,Chittagong,2025-06-17,Motorbike
D0033,Dhaka,2023-06-05,Motorbike
D0034,Chittagong,2023-12-12,Motorbike
D0035,Chittagong,2023-05-04,Motorbike
D0036,Sylhet,2025-02-25,Motorbike
D0037,Dhaka,2024-05-01,Motorbike
D0038,Dhaka,2023-01-13,Motorbike
D0039,Dhaka,2025-01-07,Motorbike
D0040,Rajshahi,2025-01-30,Motorbike
D0041,Rajshahi,2024-08-21,Motorbike
D0042,Khulna,2023-10-30,Motorbike
D0043,Dhaka,2025-07-06,Motorbike
D0044,Dhaka,2024-02-26,Motorbike
D0045,Rajshahi,2024-01-28,Motorbike
D0046,Dhaka,2023-10-26,Motorbike
D0047,Sylhet,2025-04-15,Motorbike
D0048,Dhaka,2025-05-29,Motorbike
D0049,Sylhet,2024-02-11,Motorbike
D0050,Dhaka,2024-08-27,Motorbike
D0051,Chittagong,2023-02-21,Motorbike
D0052,Dhaka,2024-12-22,Motorbike
D0053,Dhaka,2024-10-08,Motorbike
D0054,Dhaka,2023-07-21,Motorbike
D0055,Rajshahi,2024-01-05,Motorbike
D0056,Dhaka,2024-10-14,Motorbike
D0057,Dhaka,2023-01-21,Motorbike
D0058,Dhaka,2025-04-24,Motorbike
D0059,Sylhet,2025-03-27,Motorbike
D0060,Dhaka,2023-01-11,Motorbike
D0061,Dhaka,2024-05-31,Bicycle
D0062,Dhaka,2023-08-27,Motorbike
D0063,Dhaka,2025-03-24,Motorbike
D0064,Chittagong,2023-08-29,Motorbike
D0065,Chittagong,2023-10-24,Motorbike
D0066,Dhaka,2025-04-22,Motorbike
D0067,Chittagong,2025-06-06,Motorbike
D0068,Rajshahi,2023-11-15,Bicycle
D0069,Dhaka,2024-08-10,Bicycle
D0070,Dhaka,2023-06-25,Motorbike
D0071,Dhaka,2023-04-16,Bicycle
D0072,Khulna,2023-04-03,Motorbike
D0073,Sylhet,2023-07-17,Motorbike
D0074,Dhaka,2023-09-16,Motorbike
D0075,Chittagong,2024-04-23,Motorbike
D0076,Rajshahi,2025-05-17,Motorbike
D0077,Dhaka,2024-01-05,Motorbike
D0078,Dhaka,2024-08-29,Motorbike
D0079,Dhaka,2025-04-19,Motorbike
D0080,Chittagong,2025-08-14,Motorbike
D0081,Dhaka,2023-03-24,Motorbike
D0082,Chittagong,2023-12-23,Bicycle
D0083,Dhaka,2025-03-25,Motorbike
D0084,Dhaka,2023-08-19,Bicycle
D0085,Chittagong,2024-02-12,Motorbike
D0086,Dhaka,2025-03-12,Motorbike
D0087,Dhaka,2024-11-06,Motorbike
D0088,Dhaka,2024-06-27,Motorbike
D0089,Rajshahi,2025-01-28,Motorbike
D0090,Dhaka,2023-08-21,Motorbike
D0091,Dhaka,2025-06-28,Motorbike
D0092,Chittagong,2025-08-05,Motorbike
D0093,Dhaka,2025-05-29,Motorbike
D0094,Chittagong,2023-03-07,Motorbike
D0095,Dhaka,2025-02-28,Motorbike
D0096,Chittagong,2023-05-29,Motorbike
D0097,Sylhet,2025-04-21,Motorbike
D0098,Dhaka,2025-08-14,Bicycle
D0099,Dhaka,2023-09-09,Motorbike
D0100,Dhaka,2025-03-12,Motorbike
D0101,Chittagong,2024-02-25,Motorbike
D0102,Dhaka,2023-03-10,Motorbike
D0103,Dhaka,2023-10-13,Motorbike
D0104,Chittagong,2024-09-10,Motorbike
D0105,Dhaka,2023-02-04,Bicycle
D0106,Dhaka,2023-10-16,Bicycle
D0107,Sylhet,2025-05-15,Motorbike
D0108,Dhaka,2024-12-10,Motorbike
D0109,Dhaka,2025-02-12,Motorbike
D0110,Dhaka,2024-05-14,Motorbike
D0111,Chittagong,2025-08-16,Motorbike
D0112,Dhaka,2024-08-03,Bicycle
D0113,Dhaka,2023-02-08,Motorbike
D0114,Dhaka,2024-10-21,Motorbike
D0115,Chittagong,2023-01-03,Motorbike
D0116,Chittagong,2025-05-23,Motorbike
D0117,Chittagong,2024-08-13,Bicycle
D0118,Dhaka,2023-10-18,Motorbike
D0119,Chittagong,2024-03-19,Motorbike
D0120,Chittagong,2023-01-08,Motorbike
D0121,Rajshahi,2023-06-30,Motorbike
D0122,Dhaka,2024-11-27,Bicycle
D0123,Dhaka,2024-02-23,Motorbike
D0124,Dhaka,2024-07-12,Motorbike
D0125,Dhaka,2025-01-22,Bicycle
D0126,Sylhet,2025-04-07,Motorbike
D0127,Dhaka,2024-08-23,Motorbike
D0128,Rajshahi,2023-03-26,Bicycle
D0129,Dhaka,2024-06-01,Motorbike
D0130,Chittagong,2025-07-26,Motorbike
D0131,Dhaka,2023-03-30,Motorbike
D0132,Chittagong,2024-10-10,Motorbike
D0133,Chittagong,2024-04-22,Motorbike
D0134,Chittagong,2025-02-23,Motorbike
D0135,Dhaka,2023-07-29,Motorbike
D0136,Dhaka,2023-10-30,Motorbike
D0137,Chittagong,2025-05-25,Motorbike
D0138,Dhaka,2024-01-23,Motorbike
D0139,Chittagong,2024-11-03,Bicycle
D0140,Chittagong,2023-10-18,Bicycle
D0141,Sylhet,2024-08-10,Motorbike
D0142,Dhaka,2024-07-08,Motorbike
D0143,Dhaka,2024-10-04,Motorbike
D0144,Khulna,2025-04-19,Motorbike
D0145,Chittagong,2024-10-24,Motorbike
D0146,Dhaka,2025-02-17,Motorbike
D0147,Dhaka,2024-09-14,Motorbike
D0148,Khulna,2025-01-04,Motorbike
D0149,Dhaka,2023-03-25,Motorbike
D0150,Dhaka,2024-09-21,Motorbike
D0151,Dhaka,2024-01-23,Motorbike
D0152,Dhaka,2025-03-02,Motorbike
D0153,Dhaka,2025-03-01,Motorbike
D0154,Dhaka,2024-03-21,Motorbike
D0155,Chittagong,2024-04-28,Motorbike
D0156,Dhaka,2024-08-22,Motorbike
D0157,Dhaka,2023-03-04,Motorbike
D0158,Rajshahi,2023-06-14,Bicycle
D0159,Dhaka,2025-07-06,Motorbike
D0160,Dhaka,2025-04-10,Motorbike
D0161,Sylhet,2024-07-19,Motorbike
D0162,Dhaka,2025-05-25,Motorbike
D0163,Dhaka,2025-03-25,Bicycle
D0164,Chittagong,2024-01-18,Bicycle
D0165,Chittagong,2024-03-24,Motorbike
D0166,Chittagong,2024-12-15,Motorbike
D0167,Rajshahi,2023-05-16,Motorbike
D0168,Dhaka,2023-06-17,Motorbike
D0169,Dhaka,2024-12-16,Motorbike
D0170,Sylhet,2024-08-11,Motorbike
D0171,Dhaka,2025-08-26,Bicycle
D0172,Sylhet,2025-03-18,Motorbike
D0173,Dhaka,2023-06-04,Bicycle
D0174,Dhaka,2024-10-07,Motorbike
D0175,Dhaka,2024-01-28,Bicycle
D0176,Dhaka,2024-04-19,Motorbike
D0177,Dhaka,2025-03-13,Motorbike
D0178,Dhaka,2025-02-24,Motorbike
D0179,Dhaka,2023-05-21,Motorbike
D0180,Dhaka,2025-01-16,Motorbike
D0181,Dhaka,2024-05-06,Motorbike
D0182,Dhaka,2024-03-31,Motorbike
D0183,Chittagong,2024-10-05,Motorbike
D0184,Dhaka,2023-04-15,Bicycle
D0185,Dhaka,2025-05-26,Motorbike
D0186,Chittagong,2023-02-13,Bicycle
D0187,Dhaka,2023-04-11,Motorbike
D0188,Dhaka,2024-07-29,Motorbike
D0189,Sylhet,2024-04-09,Motorbike
D0190,Rajshahi,2025-04-05,Motorbike
D0191,Dhaka,2024-06-05,Motorbike
D0192,Dhaka,2024-11-17,Motorbike
D0193,Dhaka,2025-05-28,Bicycle
D0194,Dhaka,2023-09-22,Motorbike
D0195,Dhaka,2023-02-23,Motorbike
D0196,Dhaka,2023-11-22,Motorbike
D0197,Dhaka,2024-01-11,Motorbike
D0198,Rajshahi,2023-06-19,Motorbike
D0199,Dhaka,2024-02-11,Motorbike
D0200,Chittagong,2023-11-10,Motorbike
D0201,Dhaka,2025-03-13,Motorbike
D0202,Chittagong,2024-03-24,Motorbike
D0203,Sylhet,2023-05-01,Bicycle
D0204,Chittagong,2023-10-06,Motorbike
D0205,Dhaka,2023-11-19,Motorbike
D0206,Rajshahi,2024-03-15,Motorbike
D0207,Dhaka,2024-10-01,Motorbike
D0208,Dhaka,2023-03-26,Motorbike
D0209,Dhaka,2024-02-03,Motorbike
D0210,Khulna,2023-07-21,Motorbike
D0211,Dhaka,2024-08-13,Motorbike
D0212,Chittagong,2025-01-22,Motorbike
D0213,Sylhet,2024-03-01,Motorbike
D0214,Dhaka,2024-10-06,Motorbike
D0215,Chittagong,2024-08-06,Bicycle
D0216,Dhaka,2024-07-23,Motorbike
D0217,Dhaka,2024-09-18,Motorbike
D0218,Dhaka,2025-04-30,Motorbike
D0219,Dhaka,2023-09-23,Motorbike
D0220,Dhaka,2023-05-17,Motorbike
D0221,Chittagong,2023-12-20,Bicycle
D0222,Sylhet,2023-05-29,Motorbike
D0223,Chittagong,2024-08-15,Bicycle
D0224,Dhaka,2024-02-13,Motorbike
D0225,Chittagong,2024-04-29,Motorbike
D0226,Dhaka,2023-03-21,Motorbike
D0227,Chittagong,2024-01-17,Motorbike
D0228,Chittagong,2023-08-27,Bicycle
D0229,Dhaka,2024-05-11,Bicycle
D0230,Rajshahi,2024-01-04,Motorbike
D0231,Dhaka,2023-04-30,Bicycle
D0232,Khulna,2025-08-09,Motorbike
D0233,Dhaka,2025-04-04,Bicycle
D0234,Dhaka,2024-07-19,Motorbike
D0235,Dhaka,2024-02-21,Motorbike
D0236,Dhaka,2024-08-04,Motorbike
D0237,Chittagong,2023-12-17,Motorbike
D0238,Dhaka,2024-07-09,Motorbike
D0239,Dhaka,2025-07-05,Motorbike
D0240,Dhaka,2023-08-27,Motorbike
D0241,Rajshahi,2025-08-09,Motorbike
D0242,Dhaka,2025-04-03,Motorbike
D0243,Dhaka,2023-03-07,Motorbike
D0244,Dhaka,2024-07-12,Motorbike
D0245,Khulna,2023-11-11,Bicycle
D0246,Dhaka,2025-08-26,Bicycle
D0247,Khulna,2024-09-22,Motorbike
D0248,Dhaka,2024-03-24,Motorbike
D0249,Dhaka,2024-07-29,Motorbike
D0250,Dhaka,2024-05-03,Motorbike
D0251,Dhaka,2024-08-31,Motorbike
D0252,Dhaka,2025-07-13,Motorbike
D0253,Chittagong,2023-03-02,Motorbike
D0254,Dhaka,2024-09-08,Bicycle
D0255,Dhaka,2023-07-26,Motorbike
D0256,Dhaka,2023-10-10,Motorbike
D0257,Dhaka,2023-04-06,Motorbike
D0258,Chittagong,2025-06-10,Motorbike
D0259,Dhaka,2024-10-29,Bicycle
D0260,Dhaka,2023-06-06,Motorbike
D0261,Dhaka,2024-01-12,Motorbike
D0262,Dhaka,2023-05-22,Motorbike
D0263,Khulna,2023-08-17,Motorbike
D0264,Khulna,2023-08-28,Motorbike
D0265,Dhaka,2023-08-13,Motorbike
D0266,Dhaka,2023-07-07,Motorbike
D0267,Chittagong,2023-07-24,Motorbike
D0268,Rajshahi,2024-04-07,Motorbike
D0269,Dhaka,2025-07-12,Motorbike
D0270,Dhaka,2023-02-04,Motorbike
D0271,Chittagong,2023-03-28,Motorbike
D0272,Dhaka,2023-07-21,Motorbike
D0273,Rajshahi,2023-09-24,Motorbike
D0274,Chittagong,2024-02-16,Motorbike
D0275,Dhaka,2025-06-29,Motorbike
D0276,Dhaka,2023-12-29,Motorbike
D0277,Chittagong,2025-07-27,Motorbike
D0278,Dhaka,2025-01-22,Bicycle
D0279,Dhaka,2024-03-12,Bicycle
D0280,Chittagong,2024-03-02,Motorbike
D0281,Dhaka,2024-08-06,Motorbike
D0282,Rajshahi,2025-04-14,Motorbike
D0283,Rajshahi,2025-07-14,Bicycle
D0284,Dhaka,2024-07-17,Motorbike
D0285,Dhaka,2024-03-03,Motorbike
D0286,Dhaka,2024-12-23,Motorbike
D0287,Dhaka,2024-01-18,Bicycle
D0288,Dhaka,2023-03-27,Motorbike
D0289,Khulna,2023-07-09,Motorbike
D0290,Dhaka,2024-12-30,Motorbike
D0291,Dhaka,2023-04-17,Motorbike
D0292,Rajshahi,2023-11-04,Motorbike
D0293,Dhaka,2024-03-28,Motorbike
D0294,Dhaka,2025-04-26,Motorbike
D0295,Chittagong,2024-12-07,Motorbike
D0296,Chittagong,2023-10-11,Motorbike
D0297,Dhaka,2025-02-19,Motorbike
D0298,Dhaka,2023-09-16,Motorbike
D0299,Dhaka,2023-09-07,Bicycle
D0300,Sylhet,2023-11-02,Motorbike
D0301,Chittagong,2023-11-02,Motorbike
D0302,Rajshahi,2023-10-02,Motorbike
D0303,Dhaka,2025-07-23,Bicycle
D0304,Dhaka,2025-01-23,Motorbike
D0305,Chittagong,2024-03-28,Bicycle
D0306,Sylhet,2023-03-07,Bicycle
D0307,Chittagong,2024-03-07,Motorbike
D0308,Dhaka,2024-06-09,Bicycle
D0309,Dhaka,2023-08-29,Motorbike
D0310,Dhaka,2024-11-18,Motorbike
D0311,Dhaka,2025-05-31,Motorbike
D0312,Chittagong,2024-06-25,Motorbike
D0313,Dhaka,2023-08-31,Motorbike
D0314,Dhaka,2023-10-21,Motorbike
D0315,Khulna,2024-03-08,Motorbike
D0316,Rajshahi,2024-06-15,Motorbike
D0317,Sylhet,2023-12-30,Motorbike
D0318,Dhaka,2025-02-28,Motorbike
D0319,Dhaka,2025-08-27,Motorbike
D0320,Rajshahi,2025-08-04,Motorbike
D0321,Dhaka,2023-02-20,Motorbike
D0322,Chittagong,2024-06-12,Motorbike
D0323,Dhaka,2024-06-20,Motorbike
D0324,Chittagong,2023-10-15,Motorbike
D0325,Rajshahi,2023-07-20,Motorbike
D0326,Chittagong,2023-10-24,Motorbike
D0327,Dhaka,2025-05-19,Motorbike
D0328,Rajshahi,2025-05-16,Motorbike
D0329,Sylhet,2025-02-20,Motorbike
D0330,Dhaka,2024-12-09,Motorbike
D0331,Chittagong,2024-06-27,Motorbike
D0332,Dhaka,2024-02-22,Motorbike
D0333,Chittagong,2024-08-14,Bicycle
D0334,Dhaka,2024-08-14,Motorbike
D0335,Chittagong,2023-08-05,Motorbike
D0336,Rajshahi,2023-01-02,Motorbike
D0337,Dhaka,2023-07-22,Motorbike
D0338,Dhaka,2024-02-15,Bicycle
D0339,Dhaka,2023-06-21,Motorbike
D0340,Dhaka,2024-07-25,Motorbike
D0341,Dhaka,2024-04-16,Bicycle
D0342,Dhaka,2024-09-26,Motorbike
D0343,Rajshahi,2025-02-27,Motorbike
D0344,Chittagong,2025-06-03,Motorbike
D0345,Khulna,2024-05-01,Motorbike
D0346,Dhaka,2023-02-24,Motorbike
D0347,Dhaka,2024-02-19,Motorbike
D0348,Dhaka,2024-05-19,Motorbike
D0349,Khulna,2023-08-31,Motorbike
D0350,Dhaka,2023-12-16,Motorbike
D0351,Dhaka,2023-04-15,Motorbike
D0352,Dhaka,2023-04-02,Motorbike
D0353,Rajshahi,2023-11-19,Motorbike
D0354,Dhaka,2024-02-18,Motorbike
D0355,Dhaka,2025-08-03,Motorbike
D0356,Chittagong,2024-09-30,Motorbike
D0357,Chittagong,2023-02-16,Motorbike
D0358,Rajshahi,2024-07-21,Motorbike
D0359,Khulna,2023-05-02,Motorbike
D0360,Dhaka,2024-07-18,Motorbike
D0361,Sylhet,2024-09-16,Motorbike
D0362,Dhaka,2024-11-11,Motorbike
D0363,Dhaka,2024-11-11,Motorbike
D0364,Chittagong,2024-03-27,Motorbike
D0365,Dhaka,2023-12-28,Motorbike
D0366,Khulna,2023-02-16,Motorbike
D0367,Dhaka,2023-03-03,Motorbike
D0368,Chittagong,2023-06-19,Motorbike
D0369,Khulna,2024-03-26,Motorbike
D0370,Dhaka,2024-08-31,Motorbike
D0371,Dhaka,2023-07-20,Motorbike
D0372,Chittagong,2025-01-19,Motorbike
D0373,Dhaka,2023-01-31,Motorbike
D0374,Dhaka,2023-04-19,Motorbike
D0375,Chittagong,2023-04-06,Motorbike
D0376,Chittagong,2023-04-21,Motorbike
D0377,Sylhet,2025-06-04,Motorbike
D0378,Dhaka,2025-06-02,Motorbike
D0379,Dhaka,2024-10-05,Motorbike
D0380,Rajshahi,2023-05-13,Motorbike
D0381,Dhaka,2023-03-04,Motorbike
D0382,Dhaka,2023-11-18,Motorbike
D0383,Sylhet,2024-07-29,Motorbike
D0384,Dhaka,2024-07-20,Motorbike
D0385,Dhaka,2025-05-03,Motorbike
D0386,Dhaka,2023-01-24,Motorbike
D0387,Dhaka,2024-07-09,Motorbike
D0388,Dhaka,2024-02-16,Motorbike
D0389,Dhaka,2023-04-22,Motorbike
D0390,Dhaka,2024-06-29,Motorbike
D0391,Chittagong,2024-12-12,Motorbike
D0392,Chittagong,2023-04-12,Motorbike
D0393,Dhaka,2024-08-26,Motorbike
D0394,Khulna,2023-07-09,Motorbike
D0395,Rajshahi,2024-11-05,Motorbike
D0396,Chittagong,2023-05-30,Motorbike
D0397,Chittagong,2025-08-15,Motorbike
D0398,Dhaka,2024-09-02,Motorbike
D0399,Sylhet,2024-05-20,Motorbike
D0400,Dhaka,2025-02-14,Motorbike
D0401,Dhaka,2023-12-01,Motorbike
D0402,Chittagong,2025-02-10,Motorbike
D0403,Rajshahi,2023-10-18,Motorbike
D0404,Dhaka,2024-05-15,Motorbike
D0405,Dhaka,2024-04-20,Motorbike
D0406,Chittagong,2023-10-02,Motorbike
D0407,Dhaka,2025-03-15,Motorbike
D0408,Chittagong,2025-08-05,Motorbike
D0409,Dhaka,2024-05-08,Motorbike
D0410,Dhaka,2023-12-31,Motorbike
D0411,Dhaka,2023-01-24,Bicycle
D0412,Dhaka,2025-08-10,Motorbike
D0413,Chittagong,2025-07-06,Bicycle
D0414,Khulna,2024-02-22,Motorbike
D0415,Dhaka,2025-07-13,Motorbike
D0416,Dhaka,2023-09-13,Motorbike
D0417,Sylhet,2024-12-02,Bicycle
D0418,Dhaka,2025-07-01,Motorbike
D0419,Chittagong,2023-10-14,Motorbike
D0420,Dhaka,2024-04-20,Motorbike
D0421,Dhaka,2025-07-07,Bicycle
D0422,Dhaka,2023-08-22,Motorbike
D0423,Dhaka,2023-10-25,Motorbike
D0424,Dhaka,2023-03-10,Motorbike
D0425,Dhaka,2023-09-27,Motorbike
D0426,Dhaka,2024-11-04,Motorbike
D0427,Sylhet,2024-11-10,Bicycle
D0428,Dhaka,2023-05-09,Motorbike
D0429,Dhaka,2023-09-23,Motorbike
D0430,Chittagong,2024-12-28,Motorbike
D0431,Dhaka,2023-01-30,Motorbike
D0432,Dhaka,2025-02-12,Motorbike
D0433,Dhaka,2024-08-21,Motorbike
D0434,Dhaka,2023-01-18,Motorbike
D0435,Dhaka,2023-07-29,Motorbike
D0436,Dhaka,2025-08-05,Motorbike
D0437,Chittagong,2023-05-10,Motorbike
D0438,Sylhet,2023-12-07,Motorbike
D0439,Chittagong,2024-07-06,Motorbike
D0440,Dhaka,2025-05-22,Motorbike
D0441,Dhaka,2024-11-02,Motorbike
D0442,Sylhet,2024-08-24,Motorbike
D0443,Dhaka,2024-11-24,Motorbike
D0444,Rajshahi,2025-07-04,Motorbike
D0445,Dhaka,2023-07-01,Motorbike
D0446,Dhaka,2024-09-15,Motorbike
D0447,Chittagong,2024-10-12,Bicycle
D0448,Dhaka,2023-06-21,Bicycle
D0449,Sylhet,2023-01-31,Motorbike
D0450,Dhaka,2024-01-07,Motorbike
D0451,Chittagong,2023-10-08,Motorbike
D0452,Chittagong,2025-01-11,Motorbike
D0453,Dhaka,2024-10-02,Motorbike
D0454,Dhaka,2023-12-22,Bicycle
D0455,Dhaka,2025-06-24,Motorbike
D0456,Khulna,2023-03-10,Motorbike
D0457,Chittagong,2025-02-05,Motorbike
D0458,Chittagong,2024-06-12,Motorbike
D0459,Dhaka,2023-02-11,Motorbike
D0460,Dhaka,2023-03-17,Motorbike
D0461,Dhaka,2023-12-05,Motorbike
D0462,Chittagong,2023-10-18,Motorbike
D0463,Chittagong,2025-07-06,Motorbike
D0464,Sylhet,2024-06-30,Bicycle
D0465,Khulna,2024-10-31,Bicycle
D0466,Dhaka,2023-05-01,Motorbike
D0467,Chittagong,2023-04-15,Motorbike
D0468,Dhaka,2024-10-10,Motorbike
D0469,Dhaka,2023-01-20,Motorbike
D0470,Dhaka,2025-06-26,Motorbike
D0471,Dhaka,2024-09-11,Motorbike
D0472,Dhaka,2025-02-23,Motorbike
D0473,Rajshahi,2024-04-27,Motorbike
D0474,Dhaka,2024-10-03,Motorbike
D0475,Dhaka,2023-01-23,Motorbike
D0476,Sylhet,2023-05-26,Motorbike
D0477,Dhaka,2023-05-26,Bicycle
D0478,Chittagong,2024-11-07,Motorbike
D0479,Dhaka,2023-03-05,Motorbike
D0480,Sylhet,2024-06-10,Motorbike
D0481,Dhaka,2023-06-13,Motorbike
D0482,Dhaka,2023-07-25,Bicycle
D0483,Chittagong,2023-03-23,Motorbike
D0484,Dhaka,2025-05-18,Motorbike
D0485,Rajshahi,2025-06-25,Motorbike
D0486,Dhaka,2024-03-28,Motorbike
D0487,Dhaka,2024-07-13,Bicycle
D0488,Dhaka,2024-07-24,Bicycle
D0489,Chittagong,2024-05-19,Bicycle
D0490,Rajshahi,2024-01-21,Motorbike
D0491,Chittagong,2025-02-06,Motorbike
D0492,Dhaka,2023-08-01,Motorbike
D0493,Dhaka,2023-09-23,Motorbike
D0494,Dhaka,2023-02-10,Motorbike
D0495,Dhaka,2023-01-04,Motorbike
D0496,Dhaka,2023-08-11,Motorbike
D0497,Dhaka,2023-08-25,Motorbike
D0498,Dhaka,2023-05-31,Motorbike
D0499,Dhaka,2025-07-16,Motorbike
D0500,Dhaka,2024-12-21,Motorbike
D0501,Chittagong,2025-04-10,Motorbike
D0502,Dhaka,2024-09-14,Motorbike
D0503,Dhaka,2025-02-13,Bicycle
D0504,Dhaka,2024-02-18,Bicycle
D0505,Dhaka,2023-12-14,Motorbike
D0506,Dhaka,2024-09-11,Motorbike
D0507,Dhaka,2023-08-08,Motorbike
D0508,Dhaka,2024-12-25,Motorbike
D0509,Rajshahi,2023-07-25,Motorbike
D0510,Dhaka,2024-02-22,Motorbike
D0511,Chittagong,2023-02-28,Motorbike
D0512,Dhaka,2023-10-07,Motorbike
D0513,Dhaka,2024-10-02,Motorbike
D0514,Dhaka,2023-08-09,Bicycle
D0515,Chittagong,2025-07-02,Motorbike
D0516,Dhaka,2024-09-14,Bicycle
D0517,Sylhet,2025-08-28,Motorbike
D0518,Dhaka,2023-10-26,Motorbike
D0519,Dhaka,2024-03-02,Motorbike
D0520,Sylhet,2023-04-09,Motorbike
D0521,Dhaka,2025-04-20,Motorbike
D0522,Dhaka,2023-05-11,Motorbike
D0523,Dhaka,2024-02-01,Motorbike
D0524,Chittagong,2023-12-15,Motorbike
D0525,Chittagong,2023-12-27,Motorbike
D0526,Chittagong,2023-02-27,Motorbike
D0527,Sylhet,2025-03-06,Motorbike
D0528,Dhaka,2024-12-27,Motorbike
D0529,Dhaka,2023-12-02,Motorbike
D0530,Chittagong,2024-02-01,Motorbike
D0531,Dhaka,2023-01-21,Motorbike
D0532,Rajshahi,2023-09-15,Motorbike
D0533,Dhaka,2024-06-15,Motorbike
D0534,Dhaka,2024-09-12,Motorbike
D0535,Chittagong,2024-05-07,Motorbike
D0536,Khulna,2023-09-06,Motorbike
D0537,Sylhet,2025-02-03,Motorbike
D0538,Dhaka,2025-03-23,Bicycle
D0539,Dhaka,2023-05-18,Motorbike
D0540,Khulna,2024-10-25,Bicycle
D0541,Dhaka,2025-08-23,Motorbike
D0542,Chittagong,2024-04-27,Motorbike
D0543,Dhaka,2024-10-16,Motorbike
D0544,Dhaka,2025-06-14,Motorbike
D0545,Sylhet,2024-01-25,Motorbike
D0546,Rajshahi,2024-04-11,Motorbike
D0547,Chittagong,2023-01-28,Motorbike
D0548,Rajshahi,2025-05-05,Motorbike
D0549,Dhaka,2023-11-05,Motorbike
D0550,Dhaka,2024-08-28,Motorbike
D0551,Dhaka,2023-07-06,Bicycle
D0552,Dhaka,2025-04-04,Motorbike
D0553,Dhaka,2025-07-28,Motorbike
D0554,Chittagong,2023-12-16,Motorbike
D0555,Dhaka,2023-12-13,Bicycle
D0556,Dhaka,2023-11-09,Motorbike
D0557,Dhaka,2025-07-22,Motorbike
D0558,Dhaka,2023-03-07,Motorbike
D0559,Chittagong,2025-02-09,Motorbike
D0560,Khulna,2023-04-28,Motorbike
D0561,Dhaka,2023-12-17,Bicycle
D0562,Dhaka,2024-03-06,Motorbike
D0563,Dhaka,2025-07-30,Motorbike
D0564,Dhaka,2024-01-26,Motorbike
D0565,Chittagong,2025-02-28,Motorbike
D0566,Chittagong,2025-05-20,Motorbike
D0567,Dhaka,2025-02-02,Motorbike
D0568,Chittagong,2023-08-13,Bicycle
D0569,Dhaka,2024-04-24,Motorbike
D0570,Sylhet,2023-03-13,Motorbike
D0571,Dhaka,2023-04-03,Motorbike
D0572,Sylhet,2024-11-19,Motorbike
D0573,Dhaka,2024-06-01,Motorbike
D0574,Dhaka,2024-05-13,Motorbike
D0575,Chittagong,2025-01-22,Motorbike
D0576,Sylhet,2024-08-19,Motorbike
D0577,Chittagong,2024-09-01,Bicycle
D0578,Dhaka,2024-08-27,Motorbike
D0579,Dhaka,2024-01-29,Motorbike
D0580,Dhaka,2024-07-07,Motorbike
D0581,Dhaka,2024-11-06,Motorbike
D0582,Dhaka,2024-05-05,Motorbike
D0583,Chittagong,2024-03-03,Motorbike
D0584,Chittagong,2023-08-31,Bicycle
D0585,Dhaka,2024-01-12,Motorbike
D0586,Dhaka,2023-04-27,Motorbike
D0587,Dhaka,2024-11-29,Motorbike
D0588,Chittagong,2025-01-06,Motorbike
D0589,Chittagong,2023-04-17,Motorbike
D0590,Rajshahi,2023-02-15,Motorbike
D0591,Chittagong,2023-05-14,Motorbike
D0592,Dhaka,2023-04-04,Motorbike
D0593,Chittagong,2023-08-29,Motorbike
D0594,Chittagong,2023-11-11,Bicycle
D0595,Chittagong,2025-07-21,Motorbike
D0596,Dhaka,2023-07-16,Motorbike
D0597,Dhaka,2025-05-15,Motorbike
D0598,Dhaka,2024-05-25,Motorbike
D0599,Dhaka,2024-04-07,Bicycle
D0600,Dhaka,2023-07-08,Motorbike
